{"initial_reset_timestamp": 1707094850.546865, "timestamps": [1707094850.869612], "episode_lengths": [27], "episode_rewards": [27.0], "episode_types": ["t"]}